"Step","ViT-Tiny_cifar100_lion_512 - train/loss","ViT-Tiny_cifar100_lion_512 - train/loss__MIN","ViT-Tiny_cifar100_lion_512 - train/loss__MAX","ViT-Tiny_cifar100_adafactor_512 - train/loss","ViT-Tiny_cifar100_adafactor_512 - train/loss__MIN","ViT-Tiny_cifar100_adafactor_512 - train/loss__MAX","ViT-Tiny_cifar100_adamw_512 - train/loss","ViT-Tiny_cifar100_adamw_512 - train/loss__MIN","ViT-Tiny_cifar100_adamw_512 - train/loss__MAX","ViT-Tiny_cifar100_adam-mini_512 - train/loss","ViT-Tiny_cifar100_adam-mini_512 - train/loss__MIN","ViT-Tiny_cifar100_adam-mini_512 - train/loss__MAX","ViT-Tiny_cifar100_sgd_512 - train/loss","ViT-Tiny_cifar100_sgd_512 - train/loss__MIN","ViT-Tiny_cifar100_sgd_512 - train/loss__MAX","ViT-Tiny_cifar100_adam_512 - train/loss","ViT-Tiny_cifar100_adam_512 - train/loss__MIN","ViT-Tiny_cifar100_adam_512 - train/loss__MAX"
"0","4.37510937423706","4.37510937423706","4.37510937423706","4.3839268859863285","4.3839268859863285","4.3839268859863285","4.3215418022155765","4.3215418022155765","4.3215418022155765","4.345008152008057","4.345008152008057","4.345008152008057","4.629797177124024","4.629797177124024","4.629797177124024","4.354524987792969","4.354524987792969","4.354524987792969"
"1","4.07985479888916","4.07985479888916","4.07985479888916","4.089266873168945","4.089266873168945","4.089266873168945","3.9916846210479737","3.9916846210479737","3.9916846210479737","4.032378212738037","4.032378212738037","4.032378212738037","4.575830553436279","4.575830553436279","4.575830553436279","4.073805672454834","4.073805672454834","4.073805672454834"
"2","3.7853976947784425","3.7853976947784425","3.7853976947784425","3.824080478668213","3.824080478668213","3.824080478668213","3.7120018966674806","3.7120018966674806","3.7120018966674806","3.760031993865967","3.760031993865967","3.760031993865967","4.5042448852539065","4.5042448852539065","4.5042448852539065","3.8074342937469483","3.8074342937469483","3.8074342937469483"
"3","3.532735047149658","3.532735047149658","3.532735047149658","3.613022538757324","3.613022538757324","3.613022538757324","3.47797368850708","3.47797368850708","3.47797368850708","3.5313554008483887","3.5313554008483887","3.5313554008483887","4.441854151916504","4.441854151916504","4.441854151916504","3.5840314655303955","3.5840314655303955","3.5840314655303955"
"4","3.321704257583618","3.321704257583618","3.321704257583618","3.409162664794922","3.409162664794922","3.409162664794922","3.2567165729522705","3.2567165729522705","3.2567165729522705","3.336845858001709","3.336845858001709","3.336845858001709","4.388110990905762","4.388110990905762","4.388110990905762","3.3857476341247557","3.3857476341247557","3.3857476341247557"
"5","3.1286696365356446","3.1286696365356446","3.1286696365356446","3.2199290439605712","3.2199290439605712","3.2199290439605712","3.0896192428588867","3.0896192428588867","3.0896192428588867","3.1698213459014895","3.1698213459014895","3.1698213459014895","4.339600880432129","4.339600880432129","4.339600880432129","3.2071558811187746","3.2071558811187746","3.2071558811187746"
"6","2.9457916374206543","2.9457916374206543","2.9457916374206543","3.0487839965820314","3.0487839965820314","3.0487839965820314","2.9401848369598387","2.9401848369598387","2.9401848369598387","2.999760088348389","2.999760088348389","2.999760088348389","4.2947684638977055","4.2947684638977055","4.2947684638977055","3.0233252098083496","3.0233252098083496","3.0233252098083496"
"7","2.7784983436584474","2.7784983436584474","2.7784983436584474","2.9004860076904295","2.9004860076904295","2.9004860076904295","2.8296225563049315","2.8296225563049315","2.8296225563049315","2.8472168968200684","2.8472168968200684","2.8472168968200684","4.256496322631836","4.256496322631836","4.256496322631836","2.881094770812988","2.881094770812988","2.881094770812988"
"8","2.638067163848877","2.638067163848877","2.638067163848877","2.769282775878906","2.769282775878906","2.769282775878906","2.7063768398284913","2.7063768398284913","2.7063768398284913","2.7467681575775145","2.7467681575775145","2.7467681575775145","4.220930799865723","4.220930799865723","4.220930799865723","2.7656509738922117","2.7656509738922117","2.7656509738922117"
"9","2.4892352684020995","2.4892352684020995","2.4892352684020995","2.668419435119629","2.668419435119629","2.668419435119629","2.6148421188354494","2.6148421188354494","2.6148421188354494","2.636337586212158","2.636337586212158","2.636337586212158","4.186311995697022","4.186311995697022","4.186311995697022","2.652005699157715","2.652005699157715","2.652005699157715"
"10","2.3567193084716798","2.3567193084716798","2.3567193084716798","2.5589741554260255","2.5589741554260255","2.5589741554260255","2.513522243118286","2.513522243118286","2.513522243118286","2.5457964958190917","2.5457964958190917","2.5457964958190917","4.151808001708984","4.151808001708984","4.151808001708984","2.5437914054870605","2.5437914054870605","2.5437914054870605"
"11","2.207281495666504","2.207281495666504","2.207281495666504","2.4644798316955567","2.4644798316955567","2.4644798316955567","2.4060547401428223","2.4060547401428223","2.4060547401428223","2.438257684326172","2.438257684326172","2.438257684326172","4.118331832122803","4.118331832122803","4.118331832122803","2.4604383319854737","2.4604383319854737","2.4604383319854737"
"12","2.058567002105713","2.058567002105713","2.058567002105713","2.378350901031494","2.378350901031494","2.378350901031494","2.331762725830078","2.331762725830078","2.331762725830078","2.344450267791748","2.344450267791748","2.344450267791748","4.088528873443604","4.088528873443604","4.088528873443604","2.3635433303833007","2.3635433303833007","2.3635433303833007"
"13","1.914944200515747","1.914944200515747","1.914944200515747","2.282339779663086","2.282339779663086","2.282339779663086","2.2490335441589355","2.2490335441589355","2.2490335441589355","2.257610955810547","2.257610955810547","2.257610955810547","4.057631394195557","4.057631394195557","4.057631394195557","2.267667684173584","2.267667684173584","2.267667684173584"
"14","1.7752007064819335","1.7752007064819335","1.7752007064819335","2.204542123031616","2.204542123031616","2.204542123031616","2.161081201171875","2.161081201171875","2.161081201171875","2.173210915374756","2.173210915374756","2.173210915374756","4.031310248565674","4.031310248565674","4.031310248565674","2.191114149475098","2.191114149475098","2.191114149475098"
"15","1.6255509632110596","1.6255509632110596","1.6255509632110596","2.134136559677124","2.134136559677124","2.134136559677124","2.0751571283340455","2.0751571283340455","2.0751571283340455","2.086413526916504","2.086413526916504","2.086413526916504","4.0067459548950195","4.0067459548950195","4.0067459548950195","2.104423623275757","2.104423623275757","2.104423623275757"
"16","1.4674167888641358","1.4674167888641358","1.4674167888641358","2.0715031383514404","2.0715031383514404","2.0715031383514404","2.014965077781677","2.014965077781677","2.014965077781677","1.9947972341537477","1.9947972341537477","1.9947972341537477","3.980233106994629","3.980233106994629","3.980233106994629","2.0175192680358887","2.0175192680358887","2.0175192680358887"
"17","1.3256525718688965","1.3256525718688965","1.3256525718688965","1.985685235595703","1.985685235595703","1.985685235595703","1.909037177658081","1.909037177658081","1.909037177658081","1.911767366027832","1.911767366027832","1.911767366027832","3.956443325805664","3.956443325805664","3.956443325805664","1.9555857288360596","1.9555857288360596","1.9555857288360596"
"18","1.191633522415161","1.191633522415161","1.191633522415161","1.9100174823760987","1.9100174823760987","1.9100174823760987","1.8295614191055298","1.8295614191055298","1.8295614191055298","1.82278182220459","1.82278182220459","1.82278182220459","3.936254451751709","3.936254451751709","3.936254451751709","1.8894419780731202","1.8894419780731202","1.8894419780731202"
"19","1.0548580516815185","1.0548580516815185","1.0548580516815185","1.8413675098419189","1.8413675098419189","1.8413675098419189","1.744758709716797","1.744758709716797","1.744758709716797","1.7616828981399537","1.7616828981399537","1.7616828981399537","3.9144127334594727","3.9144127334594727","3.9144127334594727","1.8138225358963014","1.8138225358963014","1.8138225358963014"
"20","0.9451860243797302","0.9451860243797302","0.9451860243797302","1.7748142780303955","1.7748142780303955","1.7748142780303955","1.6829007097244262","1.6829007097244262","1.6829007097244262","1.6870268545150757","1.6870268545150757","1.6870268545150757","3.8947014068603516","3.8947014068603516","3.8947014068603516","1.727276135635376","1.727276135635376","1.727276135635376"
"21","0.832471067237854","0.832471067237854","0.832471067237854","1.7203024612426758","1.7203024612426758","1.7203024612426758","1.6048871952056885","1.6048871952056885","1.6048871952056885","1.60777113571167","1.60777113571167","1.60777113571167","3.8720999252319337","3.8720999252319337","3.8720999252319337","1.6599802310943603","1.6599802310943603","1.6599802310943603"
"22","0.7336285251617432","0.7336285251617432","0.7336285251617432","1.6295785173416137","1.6295785173416137","1.6295785173416137","1.5156279804229735","1.5156279804229735","1.5156279804229735","1.5262865077972412","1.5262865077972412","1.5262865077972412","3.857236873626709","3.857236873626709","3.857236873626709","1.5908743782043457","1.5908743782043457","1.5908743782043457"
"23","0.6479263059616089","0.6479263059616089","0.6479263059616089","1.5648774284362792","1.5648774284362792","1.5648774284362792","1.428695269393921","1.428695269393921","1.428695269393921","1.4481393718719482","1.4481393718719482","1.4481393718719482","3.8374852672576902","3.8374852672576902","3.8374852672576902","1.5036279249191284","1.5036279249191284","1.5036279249191284"
"24","0.5837528820037842","0.5837528820037842","0.5837528820037842","1.5108027828216553","1.5108027828216553","1.5108027828216553","1.3623404773712158","1.3623404773712158","1.3623404773712158","1.378937328338623","1.378937328338623","1.378937328338623","3.821363262939453","3.821363262939453","3.821363262939453","1.4421379955291749","1.4421379955291749","1.4421379955291749"
"25","0.5443229082107544","0.5443229082107544","0.5443229082107544","1.4284564239501953","1.4284564239501953","1.4284564239501953","1.2655111442565918","1.2655111442565918","1.2655111442565918","1.2879344549179077","1.2879344549179077","1.2879344549179077","3.8071644218444822","3.8071644218444822","3.8071644218444822","1.3787687759399414","1.3787687759399414","1.3787687759399414"
"26","0.504462574005127","0.504462574005127","0.504462574005127","1.3644269430160523","1.3644269430160523","1.3644269430160523","1.1895949546813964","1.1895949546813964","1.1895949546813964","1.2228530754089355","1.2228530754089355","1.2228530754089355","3.7902631587982176","3.7902631587982176","3.7902631587982176","1.2969676362991334","1.2969676362991334","1.2969676362991334"
"27","0.46805252914428713","0.46805252914428713","0.46805252914428713","1.297338155555725","1.297338155555725","1.297338155555725","1.1114856969833373","1.1114856969833373","1.1114856969833373","1.1525337118148804","1.1525337118148804","1.1525337118148804","3.776816572189331","3.776816572189331","3.776816572189331","1.2281414443969727","1.2281414443969727","1.2281414443969727"
"28","0.44014321765899656","0.44014321765899656","0.44014321765899656","1.2177116367340088","1.2177116367340088","1.2177116367340088","1.0453664074897766","1.0453664074897766","1.0453664074897766","1.0735629684448242","1.0735629684448242","1.0735629684448242","3.7601862586975097","3.7601862586975097","3.7601862586975097","1.1526444580078126","1.1526444580078126","1.1526444580078126"
"29","0.42434971408843997","0.42434971408843997","0.42434971408843997","1.1681609634399415","1.1681609634399415","1.1681609634399415","0.945937257862091","0.945937257862091","0.945937257862091","0.9767108374595642","0.9767108374595642","0.9767108374595642","3.7477354080200196","3.7477354080200196","3.7477354080200196","1.0808424114227295","1.0808424114227295","1.0808424114227295"
"30","0.3922407601356506","0.3922407601356506","0.3922407601356506","1.0731525714874268","1.0731525714874268","1.0731525714874268","0.8720571435928345","0.8720571435928345","0.8720571435928345","0.9164859870910644","0.9164859870910644","0.9164859870910644","3.730079726409912","3.730079726409912","3.730079726409912","1.0193053436279298","1.0193053436279298","1.0193053436279298"
"31","0.35918189063072203","0.35918189063072203","0.35918189063072203","1.0131050145149232","1.0131050145149232","1.0131050145149232","0.7896743383407593","0.7896743383407593","0.7896743383407593","0.8381397727966309","0.8381397727966309","0.8381397727966309","3.719109954071045","3.719109954071045","3.719109954071045","0.9322793161392212","0.9322793161392212","0.9322793161392212"
"32","0.34713439259529116","0.34713439259529116","0.34713439259529116","0.9600797961235047","0.9600797961235047","0.9600797961235047","0.7188282278060913","0.7188282278060913","0.7188282278060913","0.7737463290214539","0.7737463290214539","0.7737463290214539","3.705443981933594","3.705443981933594","3.705443981933594","0.8680914309501648","0.8680914309501648","0.8680914309501648"
"33","0.32937574424743654","0.32937574424743654","0.32937574424743654","0.8987818984985352","0.8987818984985352","0.8987818984985352","0.682142343711853","0.682142343711853","0.682142343711853","0.72344282913208","0.72344282913208","0.72344282913208","3.696571544265747","3.696571544265747","3.696571544265747","0.8034260679244996","0.8034260679244996","0.8034260679244996"
"34","0.3110345103740692","0.3110345103740692","0.3110345103740692","0.8286781452178955","0.8286781452178955","0.8286781452178955","0.6170283561706543","0.6170283561706543","0.6170283561706543","0.6658141960144043","0.6658141960144043","0.6658141960144043","3.6782171894073485","3.6782171894073485","3.6782171894073485","0.7323073001861572","0.7323073001861572","0.7323073001861572"
"35","0.3033162804603577","0.3033162804603577","0.3033162804603577","0.7633070666313171","0.7633070666313171","0.7633070666313171","0.5282933125495911","0.5282933125495911","0.5282933125495911","0.600932709646225","0.600932709646225","0.600932709646225","3.6683133972167967","3.6683133972167967","3.6683133972167967","0.6825303027153015","0.6825303027153015","0.6825303027153015"
"36","0.2954819347381592","0.2954819347381592","0.2954819347381592","0.7070334702491761","0.7070334702491761","0.7070334702491761","0.4811091477394104","0.4811091477394104","0.4811091477394104","0.5177988499641418","0.5177988499641418","0.5177988499641418","3.6539970458984374","3.6539970458984374","3.6539970458984374","0.6008835110664368","0.6008835110664368","0.6008835110664368"
"37","0.2814817165851593","0.2814817165851593","0.2814817165851593","0.6386435716629029","0.6386435716629029","0.6386435716629029","0.45612885551452637","0.45612885551452637","0.45612885551452637","0.5139676252365112","0.5139676252365112","0.5139676252365112","3.640553373718262","3.640553373718262","3.640553373718262","0.5549474500656127","0.5549474500656127","0.5549474500656127"
"38","0.27072998332977294","0.27072998332977294","0.27072998332977294","0.5975433973312378","0.5975433973312378","0.5975433973312378","0.4204208927154541","0.4204208927154541","0.4204208927154541","0.44571349024772644","0.44571349024772644","0.44571349024772644","3.62919693069458","3.62919693069458","3.62919693069458","0.5082147507190704","0.5082147507190704","0.5082147507190704"
"39","0.26472069120407105","0.26472069120407105","0.26472069120407105","0.5627070117950439","0.5627070117950439","0.5627070117950439","0.37618597021102906","0.37618597021102906","0.37618597021102906","0.42019474678039553","0.42019474678039553","0.42019474678039553","3.615044808959961","3.615044808959961","3.615044808959961","0.456387882232666","0.456387882232666","0.456387882232666"
"40","0.24994401569366456","0.24994401569366456","0.24994401569366456","0.521931238746643","0.521931238746643","0.521931238746643","0.3571375464439392","0.3571375464439392","0.3571375464439392","0.4141420040130615","0.4141420040130615","0.4141420040130615","3.6028004905700683","3.6028004905700683","3.6028004905700683","0.4172211601257324","0.4172211601257324","0.4172211601257324"
"41","0.2425023797750473","0.2425023797750473","0.2425023797750473","0.48195449123382567","0.48195449123382567","0.48195449123382567","0.3404047965288162","0.3404047965288162","0.3404047965288162","0.34693784894943236","0.34693784894943236","0.34693784894943236","3.588415584564209","3.588415584564209","3.588415584564209","0.364651180934906","0.364651180934906","0.364651180934906"
"42","0.2387141030073166","0.2387141030073166","0.2387141030073166","0.4295497178077698","0.4295497178077698","0.4295497178077698","0.2815235429763794","0.2815235429763794","0.2815235429763794","0.3208508152961731","0.3208508152961731","0.3208508152961731","3.579750845336914","3.579750845336914","3.579750845336914","0.35004378509521483","0.35004378509521483","0.35004378509521483"
"43","0.2306270543575287","0.2306270543575287","0.2306270543575287","0.39678022565841675","0.39678022565841675","0.39678022565841675","0.2789729390144348","0.2789729390144348","0.2789729390144348","0.3242227291584015","0.3242227291584015","0.3242227291584015","3.564017653656006","3.564017653656006","3.564017653656006","0.36221849341392515","0.36221849341392515","0.36221849341392515"
"44","0.22493609673976897","0.22493609673976897","0.22493609673976897","0.36903002038002014","0.36903002038002014","0.36903002038002014","0.2792126112937927","0.2792126112937927","0.2792126112937927","0.3006619445562363","0.3006619445562363","0.3006619445562363","3.5517126998901367","3.5517126998901367","3.5517126998901367","0.31269480590820314","0.31269480590820314","0.31269480590820314"
"45","0.20810308816432954","0.20810308816432954","0.20810308816432954","0.34655726208686827","0.34655726208686827","0.34655726208686827","0.27417826843261717","0.27417826843261717","0.27417826843261717","0.26755143303871154","0.26755143303871154","0.26755143303871154","3.5432261489868164","3.5432261489868164","3.5432261489868164","0.3086060567855835","0.3086060567855835","0.3086060567855835"
"46","0.2060924189567566","0.2060924189567566","0.2060924189567566","0.32659703812599183","0.32659703812599183","0.32659703812599183","0.23325361061096192","0.23325361061096192","0.23325361061096192","0.24747516450881957","0.24747516450881957","0.24747516450881957","3.526497668457031","3.526497668457031","3.526497668457031","0.279946639585495","0.279946639585495","0.279946639585495"
"47","0.20132212929725646","0.20132212929725646","0.20132212929725646","0.3034024030685425","0.3034024030685425","0.3034024030685425","0.2341655634880066","0.2341655634880066","0.2341655634880066","0.27086866340637206","0.27086866340637206","0.27086866340637206","3.5177475395202635","3.5177475395202635","3.5177475395202635","0.25517831649780276","0.25517831649780276","0.25517831649780276"
"48","0.19224474601745606","0.19224474601745606","0.19224474601745606","0.28451849479675295","0.28451849479675295","0.28451849479675295","0.19261248154640198","0.19261248154640198","0.19261248154640198","0.2328036805152893","0.2328036805152893","0.2328036805152893","3.5075354240417482","3.5075354240417482","3.5075354240417482","0.22104665460586548","0.22104665460586548","0.22104665460586548"
"49","0.19526824378967286","0.19526824378967286","0.19526824378967286","0.27618902955055236","0.27618902955055236","0.27618902955055236","0.19502273502349854","0.19502273502349854","0.19502273502349854","0.23508156371116637","0.23508156371116637","0.23508156371116637","3.495047981262207","3.495047981262207","3.495047981262207","0.22679994134902953","0.22679994134902953","0.22679994134902953"
"50","0.19487485618591308","0.19487485618591308","0.19487485618591308","0.2552072546482086","0.2552072546482086","0.2552072546482086","0.20086514217853546","0.20086514217853546","0.20086514217853546","0.23696744642257692","0.23696744642257692","0.23696744642257692","3.484199768447876","3.484199768447876","3.484199768447876","0.2197113882303238","0.2197113882303238","0.2197113882303238"
"51","0.18429092693328858","0.18429092693328858","0.18429092693328858","0.23200755605697632","0.23200755605697632","0.23200755605697632","0.18374318561553954","0.18374318561553954","0.18374318561553954","0.2026778654575348","0.2026778654575348","0.2026778654575348","3.4786541313171386","3.4786541313171386","3.4786541313171386","0.19051804041862488","0.19051804041862488","0.19051804041862488"
"52","","","","0.22296724305152893","0.22296724305152893","0.22296724305152893","0.20824746332168578","0.20824746332168578","0.20824746332168578","0.18793701971769333","0.18793701971769333","0.18793701971769333","3.464059019088745","3.464059019088745","3.464059019088745","0.19087722463607787","0.19087722463607787","0.19087722463607787"
"53","","","","0.21994861664772034","0.21994861664772034","0.21994861664772034","0.18056463494300842","0.18056463494300842","0.18056463494300842","0.1882329041004181","0.1882329041004181","0.1882329041004181","3.451453493118286","3.451453493118286","3.451453493118286","0.17811669569015504","0.17811669569015504","0.17811669569015504"
"54","","","","0.2093502938270569","0.2093502938270569","0.2093502938270569","0.16914907953739167","0.16914907953739167","0.16914907953739167","0.17113454360961913","0.17113454360961913","0.17113454360961913","3.4445525917053224","3.4445525917053224","3.4445525917053224","0.18542839872837066","0.18542839872837066","0.18542839872837066"
"55","","","","0.19603885791301728","0.19603885791301728","0.19603885791301728","0.16144357132911683","0.16144357132911683","0.16144357132911683","0.1621208365559578","0.1621208365559578","0.1621208365559578","3.4316608585357664","3.4316608585357664","3.4316608585357664","0.180850834107399","0.180850834107399","0.180850834107399"
"56","","","","0.19579596948623657","0.19579596948623657","0.19579596948623657","0.1737307056903839","0.1737307056903839","0.1737307056903839","0.15191227123737336","0.15191227123737336","0.15191227123737336","3.426850411224365","3.426850411224365","3.426850411224365","0.15471638431549073","0.15471638431549073","0.15471638431549073"
"57","","","","0.17781538186073303","0.17781538186073303","0.17781538186073303","0.15395438046455384","0.15395438046455384","0.15395438046455384","0.15210762977600098","0.15210762977600098","0.15210762977600098","3.416426377105713","3.416426377105713","3.416426377105713","0.16216351745128632","0.16216351745128632","0.16216351745128632"
"58","","","","0.16669414744377137","0.16669414744377137","0.16669414744377137","0.14892773199081422","0.14892773199081422","0.14892773199081422","0.1834205543756485","0.1834205543756485","0.1834205543756485","3.40192868309021","3.40192868309021","3.40192868309021","0.16901902146339418","0.16901902146339418","0.16901902146339418"
"59","","","","0.16658154315948487","0.16658154315948487","0.16658154315948487","0.1388152870297432","0.1388152870297432","0.1388152870297432","0.15264094854593277","0.15264094854593277","0.15264094854593277","3.398516285705566","3.398516285705566","3.398516285705566","0.13882725119590758","0.13882725119590758","0.13882725119590758"
"60","","","","0.152371720123291","0.152371720123291","0.152371720123291","0.11749519305229188","0.11749519305229188","0.11749519305229188","","","","3.3832845726013185","3.3832845726013185","3.3832845726013185","0.13776887049674988","0.13776887049674988","0.13776887049674988"
"61","","","","0.1553365919113159","0.1553365919113159","0.1553365919113159","0.1275390365123749","0.1275390365123749","0.1275390365123749","","","","3.374549743270874","3.374549743270874","3.374549743270874","","",""
"62","","","","0.15338488085269927","0.15338488085269927","0.15338488085269927","0.1186304946422577","0.1186304946422577","0.1186304946422577","","","","3.3664070041656493","3.3664070041656493","3.3664070041656493","","",""
"63","","","","0.15099204528331756","0.15099204528331756","0.15099204528331756","","","","","","","3.3576682495117187","3.3576682495117187","3.3576682495117187","","",""
"64","","","","","","","","","","","","","3.3513826053619384","3.3513826053619384","3.3513826053619384","","",""
"65","","","","","","","","","","","","","3.3440746253967286","3.3440746253967286","3.3440746253967286","","",""
"66","","","","","","","","","","","","","3.3343647243499754","3.3343647243499754","3.3343647243499754","","",""
"67","","","","","","","","","","","","","3.3266110855102538","3.3266110855102538","3.3266110855102538","","",""
"68","","","","","","","","","","","","","3.3165809398651125","3.3165809398651125","3.3165809398651125","","",""
"69","","","","","","","","","","","","","3.3082879230499267","3.3082879230499267","3.3082879230499267","","",""
"70","","","","","","","","","","","","","3.299717443847656","3.299717443847656","3.299717443847656","","",""
"71","","","","","","","","","","","","","3.2948232788085936","3.2948232788085936","3.2948232788085936","","",""
"72","","","","","","","","","","","","","3.288145585632324","3.288145585632324","3.288145585632324","","",""
"73","","","","","","","","","","","","","3.2764670219421386","3.2764670219421386","3.2764670219421386","","",""
"74","","","","","","","","","","","","","3.266749966430664","3.266749966430664","3.266749966430664","","",""
"75","","","","","","","","","","","","","3.266275087738037","3.266275087738037","3.266275087738037","","",""
"76","","","","","","","","","","","","","3.256127172088623","3.256127172088623","3.256127172088623","","",""
"77","","","","","","","","","","","","","3.2488902614593504","3.2488902614593504","3.2488902614593504","","",""
"78","","","","","","","","","","","","","3.2387229263305666","3.2387229263305666","3.2387229263305666","","",""
"79","","","","","","","","","","","","","3.238223140335083","3.238223140335083","3.238223140335083","","",""
"80","","","","","","","","","","","","","3.226187187194824","3.226187187194824","3.226187187194824","","",""
"81","","","","","","","","","","","","","3.2221365425109862","3.2221365425109862","3.2221365425109862","","",""
"82","","","","","","","","","","","","","3.2147150531768798","3.2147150531768798","3.2147150531768798","","",""
"83","","","","","","","","","","","","","3.208484796142578","3.208484796142578","3.208484796142578","","",""
"84","","","","","","","","","","","","","3.2009087059020995","3.2009087059020995","3.2009087059020995","","",""
"85","","","","","","","","","","","","","3.197178833770752","3.197178833770752","3.197178833770752","","",""
"86","","","","","","","","","","","","","3.1873910766601563","3.1873910766601563","3.1873910766601563","","",""
"87","","","","","","","","","","","","","3.1816452114105225","3.1816452114105225","3.1816452114105225","","",""
"88","","","","","","","","","","","","","3.171424119567871","3.171424119567871","3.171424119567871","","",""
"89","","","","","","","","","","","","","3.1673528533935547","3.1673528533935547","3.1673528533935547","","",""
"90","","","","","","","","","","","","","3.1623412117004395","3.1623412117004395","3.1623412117004395","","",""
"91","","","","","","","","","","","","","3.1587615921020507","3.1587615921020507","3.1587615921020507","","",""
"92","","","","","","","","","","","","","3.1467708835601806","3.1467708835601806","3.1467708835601806","","",""
"93","","","","","","","","","","","","","3.144096070861816","3.144096070861816","3.144096070861816","","",""
"94","","","","","","","","","","","","","3.13799998626709","3.13799998626709","3.13799998626709","","",""
"95","","","","","","","","","","","","","3.135717527770996","3.135717527770996","3.135717527770996","","",""
"96","","","","","","","","","","","","","3.124872388076782","3.124872388076782","3.124872388076782","","",""
"97","","","","","","","","","","","","","3.125666562652588","3.125666562652588","3.125666562652588","","",""
"98","","","","","","","","","","","","","3.1142364925384523","3.1142364925384523","3.1142364925384523","","",""
"99","","","","","","","","","","","","","3.112441796875","3.112441796875","3.112441796875","","",""
"100","","","","","","","","","","","","","3.105194669723511","3.105194669723511","3.105194669723511","","",""
"101","","","","","","","","","","","","","3.0947615524291994","3.0947615524291994","3.0947615524291994","","",""
"102","","","","","","","","","","","","","3.090483106994629","3.090483106994629","3.090483106994629","","",""
"103","","","","","","","","","","","","","3.0834506370544434","3.0834506370544434","3.0834506370544434","","",""
"104","","","","","","","","","","","","","3.07883295249939","3.07883295249939","3.07883295249939","","",""
"105","","","","","","","","","","","","","3.0724466609954835","3.0724466609954835","3.0724466609954835","","",""
"106","","","","","","","","","","","","","3.0706014221191404","3.0706014221191404","3.0706014221191404","","",""
"107","","","","","","","","","","","","","3.0640219299316405","3.0640219299316405","3.0640219299316405","","",""
"108","","","","","","","","","","","","","3.059802714538574","3.059802714538574","3.059802714538574","","",""
"109","","","","","","","","","","","","","3.049803885650635","3.049803885650635","3.049803885650635","","",""
"110","","","","","","","","","","","","","3.0424147815704345","3.0424147815704345","3.0424147815704345","","",""
"111","","","","","","","","","","","","","3.036542749786377","3.036542749786377","3.036542749786377","","",""
"112","","","","","","","","","","","","","3.028540564727783","3.028540564727783","3.028540564727783","","",""
"113","","","","","","","","","","","","","3.0254495979309084","3.0254495979309084","3.0254495979309084","","",""
"114","","","","","","","","","","","","","3.0232960334777834","3.0232960334777834","3.0232960334777834","","",""
"115","","","","","","","","","","","","","3.0184175872802737","3.0184175872802737","3.0184175872802737","","",""
"116","","","","","","","","","","","","","3.013615826034546","3.013615826034546","3.013615826034546","","",""
"117","","","","","","","","","","","","","3.005415980911255","3.005415980911255","3.005415980911255","","",""
"118","","","","","","","","","","","","","3.0050186431884764","3.0050186431884764","3.0050186431884764","","",""
"119","","","","","","","","","","","","","2.993620817565918","2.993620817565918","2.993620817565918","","",""
"120","","","","","","","","","","","","","2.991975514602661","2.991975514602661","2.991975514602661","","",""
"121","","","","","","","","","","","","","2.98452201461792","2.98452201461792","2.98452201461792","","",""
"122","","","","","","","","","","","","","2.9804335433959963","2.9804335433959963","2.9804335433959963","","",""
"123","","","","","","","","","","","","","2.97600189743042","2.97600189743042","2.97600189743042","","",""
"124","","","","","","","","","","","","","2.96668600769043","2.96668600769043","2.96668600769043","","",""
"125","","","","","","","","","","","","","2.966417160797119","2.966417160797119","2.966417160797119","","",""
"126","","","","","","","","","","","","","2.9594320819854736","2.9594320819854736","2.9594320819854736","","",""
"127","","","","","","","","","","","","","2.952822245788574","2.952822245788574","2.952822245788574","","",""
"128","","","","","","","","","","","","","2.95001120223999","2.95001120223999","2.95001120223999","","",""
"129","","","","","","","","","","","","","2.93933204498291","2.93933204498291","2.93933204498291","","",""
"130","","","","","","","","","","","","","2.9411967182159424","2.9411967182159424","2.9411967182159424","","",""
"131","","","","","","","","","","","","","2.9306242797851563","2.9306242797851563","2.9306242797851563","","",""
"132","","","","","","","","","","","","","2.927006698989868","2.927006698989868","2.927006698989868","","",""
"133","","","","","","","","","","","","","2.9311825706481933","2.9311825706481933","2.9311825706481933","","",""
"134","","","","","","","","","","","","","2.918185788726807","2.918185788726807","2.918185788726807","","",""
"135","","","","","","","","","","","","","2.9147656604766845","2.9147656604766845","2.9147656604766845","","",""
"136","","","","","","","","","","","","","2.9051655883789063","2.9051655883789063","2.9051655883789063","","",""
"137","","","","","","","","","","","","","2.9034516632080076","2.9034516632080076","2.9034516632080076","","",""
"138","","","","","","","","","","","","","2.895040138244629","2.895040138244629","2.895040138244629","","",""
"139","","","","","","","","","","","","","2.8950854919433593","2.8950854919433593","2.8950854919433593","","",""
"140","","","","","","","","","","","","","2.8915050807952882","2.8915050807952882","2.8915050807952882","","",""
"141","","","","","","","","","","","","","2.888331813812256","2.888331813812256","2.888331813812256","","",""
"142","","","","","","","","","","","","","2.8816186027526856","2.8816186027526856","2.8816186027526856","","",""
"143","","","","","","","","","","","","","2.8762444557189943","2.8762444557189943","2.8762444557189943","","",""
"144","","","","","","","","","","","","","2.8700837387084963","2.8700837387084963","2.8700837387084963","","",""
"145","","","","","","","","","","","","","2.8675065254211427","2.8675065254211427","2.8675065254211427","","",""
"146","","","","","","","","","","","","","2.870675726699829","2.870675726699829","2.870675726699829","","",""
"147","","","","","","","","","","","","","2.8503813957214357","2.8503813957214357","2.8503813957214357","","",""
"148","","","","","","","","","","","","","2.8527749965667724","2.8527749965667724","2.8527749965667724","","",""
"149","","","","","","","","","","","","","2.84734361038208","2.84734361038208","2.84734361038208","","",""
"150","","","","","","","","","","","","","2.844832763671875","2.844832763671875","2.844832763671875","","",""
"151","","","","","","","","","","","","","2.835794834136963","2.835794834136963","2.835794834136963","","",""
"152","","","","","","","","","","","","","2.8329886016845705","2.8329886016845705","2.8329886016845705","","",""
"153","","","","","","","","","","","","","2.8330813411712645","2.8330813411712645","2.8330813411712645","","",""
"154","","","","","","","","","","","","","2.8214164413452147","2.8214164413452147","2.8214164413452147","","",""
"155","","","","","","","","","","","","","2.82024783782959","2.82024783782959","2.82024783782959","","",""
"156","","","","","","","","","","","","","2.8143533359527586","2.8143533359527586","2.8143533359527586","","",""
"157","","","","","","","","","","","","","2.809754747772217","2.809754747772217","2.809754747772217","","",""
"158","","","","","","","","","","","","","2.8089392349243165","2.8089392349243165","2.8089392349243165","","",""
"159","","","","","","","","","","","","","2.8032096656799315","2.8032096656799315","2.8032096656799315","","",""
"160","","","","","","","","","","","","","2.7997109703063963","2.7997109703063963","2.7997109703063963","","",""
"161","","","","","","","","","","","","","2.797579443359375","2.797579443359375","2.797579443359375","","",""
"162","","","","","","","","","","","","","2.7947386100769043","2.7947386100769043","2.7947386100769043","","",""
"163","","","","","","","","","","","","","2.7880414505004882","2.7880414505004882","2.7880414505004882","","",""
"164","","","","","","","","","","","","","2.786901216506958","2.786901216506958","2.786901216506958","","",""
"165","","","","","","","","","","","","","2.777528483581543","2.777528483581543","2.777528483581543","","",""
"166","","","","","","","","","","","","","2.7739167972564696","2.7739167972564696","2.7739167972564696","","",""
"167","","","","","","","","","","","","","2.772993932723999","2.772993932723999","2.772993932723999","","",""
"168","","","","","","","","","","","","","2.777317802429199","2.777317802429199","2.777317802429199","","",""
"169","","","","","","","","","","","","","2.762688663482666","2.762688663482666","2.762688663482666","","",""
"170","","","","","","","","","","","","","2.7600342029571534","2.7600342029571534","2.7600342029571534","","",""
"171","","","","","","","","","","","","","2.756659633636475","2.756659633636475","2.756659633636475","","",""
"172","","","","","","","","","","","","","2.7535538215637207","2.7535538215637207","2.7535538215637207","","",""
"173","","","","","","","","","","","","","2.7475449928283693","2.7475449928283693","2.7475449928283693","","",""
"174","","","","","","","","","","","","","2.745072625732422","2.745072625732422","2.745072625732422","","",""
"175","","","","","","","","","","","","","2.7421943492889405","2.7421943492889405","2.7421943492889405","","",""
"176","","","","","","","","","","","","","2.7394734214782717","2.7394734214782717","2.7394734214782717","","",""
"177","","","","","","","","","","","","","2.7369481796264647","2.7369481796264647","2.7369481796264647","","",""
"178","","","","","","","","","","","","","2.729285838317871","2.729285838317871","2.729285838317871","","",""
"179","","","","","","","","","","","","","2.7166209812164306","2.7166209812164306","2.7166209812164306","","",""
"180","","","","","","","","","","","","","2.7322081546783448","2.7322081546783448","2.7322081546783448","","",""
"181","","","","","","","","","","","","","2.7158962242126465","2.7158962242126465","2.7158962242126465","","",""
"182","","","","","","","","","","","","","2.7201588943481445","2.7201588943481445","2.7201588943481445","","",""
"183","","","","","","","","","","","","","2.712381287384033","2.712381287384033","2.712381287384033","","",""
"184","","","","","","","","","","","","","2.7143240436553957","2.7143240436553957","2.7143240436553957","","",""
"185","","","","","","","","","","","","","2.706504237365723","2.706504237365723","2.706504237365723","","",""
"186","","","","","","","","","","","","","2.7045375953674315","2.7045375953674315","2.7045375953674315","","",""
"187","","","","","","","","","","","","","2.7045054176330567","2.7045054176330567","2.7045054176330567","","",""
"188","","","","","","","","","","","","","2.692649491882324","2.692649491882324","2.692649491882324","","",""
"189","","","","","","","","","","","","","2.6962896739959716","2.6962896739959716","2.6962896739959716","","",""
"190","","","","","","","","","","","","","2.6844045677185058","2.6844045677185058","2.6844045677185058","","",""
"191","","","","","","","","","","","","","2.6923351543426515","2.6923351543426515","2.6923351543426515","","",""
"192","","","","","","","","","","","","","2.68223249168396","2.68223249168396","2.68223249168396","","",""
"193","","","","","","","","","","","","","2.6776576816558837","2.6776576816558837","2.6776576816558837","","",""
"194","","","","","","","","","","","","","2.679117502212524","2.679117502212524","2.679117502212524","","",""
"195","","","","","","","","","","","","","2.6774474239349364","2.6774474239349364","2.6774474239349364","","",""
"196","","","","","","","","","","","","","2.6662625671386717","2.6662625671386717","2.6662625671386717","","",""
"197","","","","","","","","","","","","","2.6713234287261964","2.6713234287261964","2.6713234287261964","","",""
"198","","","","","","","","","","","","","2.6681141872406005","2.6681141872406005","2.6681141872406005","","",""
"199","","","","","","","","","","","","","2.662612748718262","2.662612748718262","2.662612748718262","","",""
"200","","","","","","","","","","","","","2.661326488876343","2.661326488876343","2.661326488876343","","",""
"201","","","","","","","","","","","","","2.659118283843994","2.659118283843994","2.659118283843994","","",""
"202","","","","","","","","","","","","","2.656474275970459","2.656474275970459","2.656474275970459","","",""
"203","","","","","","","","","","","","","2.65022649307251","2.65022649307251","2.65022649307251","","",""
"204","","","","","","","","","","","","","2.645185659790039","2.645185659790039","2.645185659790039","","",""
"205","","","","","","","","","","","","","2.651670150756836","2.651670150756836","2.651670150756836","","",""
"206","","","","","","","","","","","","","2.6439581596374513","2.6439581596374513","2.6439581596374513","","",""
"207","","","","","","","","","","","","","2.6394578193664553","2.6394578193664553","2.6394578193664553","","",""
"208","","","","","","","","","","","","","2.6391561847686766","2.6391561847686766","2.6391561847686766","","",""
"209","","","","","","","","","","","","","2.632016202545166","2.632016202545166","2.632016202545166","","",""
"210","","","","","","","","","","","","","2.640144081115723","2.640144081115723","2.640144081115723","","",""
"211","","","","","","","","","","","","","2.6303002292633058","2.6303002292633058","2.6303002292633058","","",""
"212","","","","","","","","","","","","","2.625991873550415","2.625991873550415","2.625991873550415","","",""
"213","","","","","","","","","","","","","2.6298907318115234","2.6298907318115234","2.6298907318115234","","",""
"214","","","","","","","","","","","","","2.623560738372803","2.623560738372803","2.623560738372803","","",""
"215","","","","","","","","","","","","","2.61834734954834","2.61834734954834","2.61834734954834","","",""
"216","","","","","","","","","","","","","2.6201814994812014","2.6201814994812014","2.6201814994812014","","",""
"217","","","","","","","","","","","","","2.617522202682495","2.617522202682495","2.617522202682495","","",""
"218","","","","","","","","","","","","","2.6125447982788086","2.6125447982788086","2.6125447982788086","","",""
"219","","","","","","","","","","","","","2.614577311706543","2.614577311706543","2.614577311706543","","",""
"220","","","","","","","","","","","","","2.6119910015106202","2.6119910015106202","2.6119910015106202","","",""
"221","","","","","","","","","","","","","2.6085268142700193","2.6085268142700193","2.6085268142700193","","",""
"222","","","","","","","","","","","","","2.604164714050293","2.604164714050293","2.604164714050293","","",""
"223","","","","","","","","","","","","","2.603216347503662","2.603216347503662","2.603216347503662","","",""
"224","","","","","","","","","","","","","2.6053480617523195","2.6053480617523195","2.6053480617523195","","",""
"225","","","","","","","","","","","","","2.604690493774414","2.604690493774414","2.604690493774414","","",""
"226","","","","","","","","","","","","","2.6058739242553712","2.6058739242553712","2.6058739242553712","","",""
"227","","","","","","","","","","","","","2.5906187103271483","2.5906187103271483","2.5906187103271483","","",""
"228","","","","","","","","","","","","","2.5990821296691893","2.5990821296691893","2.5990821296691893","","",""
"229","","","","","","","","","","","","","2.5969466102600096","2.5969466102600096","2.5969466102600096","","",""
"230","","","","","","","","","","","","","2.588855606842041","2.588855606842041","2.588855606842041","","",""
"231","","","","","","","","","","","","","2.588095095062256","2.588095095062256","2.588095095062256","","",""
"232","","","","","","","","","","","","","2.5838340339660646","2.5838340339660646","2.5838340339660646","","",""
"233","","","","","","","","","","","","","2.584467858123779","2.584467858123779","2.584467858123779","","",""
"234","","","","","","","","","","","","","2.5805980224609373","2.5805980224609373","2.5805980224609373","","",""
"235","","","","","","","","","","","","","2.579201376724243","2.579201376724243","2.579201376724243","","",""
"236","","","","","","","","","","","","","2.5775320831298827","2.5775320831298827","2.5775320831298827","","",""
"237","","","","","","","","","","","","","2.5785335075378417","2.5785335075378417","2.5785335075378417","","",""
"238","","","","","","","","","","","","","2.579987889099121","2.579987889099121","2.579987889099121","","",""
"239","","","","","","","","","","","","","2.5697528755187986","2.5697528755187986","2.5697528755187986","","",""
"240","","","","","","","","","","","","","2.5743146881103516","2.5743146881103516","2.5743146881103516","","",""
"241","","","","","","","","","","","","","2.5715245391845705","2.5715245391845705","2.5715245391845705","","",""
"242","","","","","","","","","","","","","2.5676798049926757","2.5676798049926757","2.5676798049926757","","",""
"243","","","","","","","","","","","","","2.567236368560791","2.567236368560791","2.567236368560791","","",""
"244","","","","","","","","","","","","","2.566805780792236","2.566805780792236","2.566805780792236","","",""
"245","","","","","","","","","","","","","2.5632309844970704","2.5632309844970704","2.5632309844970704","","",""
"246","","","","","","","","","","","","","2.5656124465942383","2.5656124465942383","2.5656124465942383","","",""
"247","","","","","","","","","","","","","2.566999584197998","2.566999584197998","2.566999584197998","","",""
"248","","","","","","","","","","","","","2.5607106521606444","2.5607106521606444","2.5607106521606444","","",""
"249","","","","","","","","","","","","","2.559058174133301","2.559058174133301","2.559058174133301","","",""
"250","","","","","","","","","","","","","2.559563636779785","2.559563636779785","2.559563636779785","","",""
"251","","","","","","","","","","","","","2.5526000160217284","2.5526000160217284","2.5526000160217284","","",""
"252","","","","","","","","","","","","","2.5565652046203615","2.5565652046203615","2.5565652046203615","","",""
"253","","","","","","","","","","","","","2.549504175567627","2.549504175567627","2.549504175567627","","",""
"254","","","","","","","","","","","","","2.556116056442261","2.556116056442261","2.556116056442261","","",""
"255","","","","","","","","","","","","","2.550802110671997","2.550802110671997","2.550802110671997","","",""
"256","","","","","","","","","","","","","2.5441565784454347","2.5441565784454347","2.5441565784454347","","",""
"257","","","","","","","","","","","","","2.5485892932891847","2.5485892932891847","2.5485892932891847","","",""
"258","","","","","","","","","","","","","2.5482228378295897","2.5482228378295897","2.5482228378295897","","",""
"259","","","","","","","","","","","","","2.544745497894287","2.544745497894287","2.544745497894287","","",""
"260","","","","","","","","","","","","","2.5472242614746095","2.5472242614746095","2.5472242614746095","","",""
"261","","","","","","","","","","","","","2.5447849555969237","2.5447849555969237","2.5447849555969237","","",""
"262","","","","","","","","","","","","","2.547763756942749","2.547763756942749","2.547763756942749","","",""
"263","","","","","","","","","","","","","2.5473325916290284","2.5473325916290284","2.5473325916290284","","",""
"264","","","","","","","","","","","","","2.539435852432251","2.539435852432251","2.539435852432251","","",""
"265","","","","","","","","","","","","","2.545050086212158","2.545050086212158","2.545050086212158","","",""
"266","","","","","","","","","","","","","2.5332018402099608","2.5332018402099608","2.5332018402099608","","",""
"267","","","","","","","","","","","","","2.5392550174713135","2.5392550174713135","2.5392550174713135","","",""
"268","","","","","","","","","","","","","2.5338277168273926","2.5338277168273926","2.5338277168273926","","",""
"269","","","","","","","","","","","","","2.534484767150879","2.534484767150879","2.534484767150879","","",""
"270","","","","","","","","","","","","","2.5350300212860106","2.5350300212860106","2.5350300212860106","","",""
"271","","","","","","","","","","","","","2.533772523880005","2.533772523880005","2.533772523880005","","",""
"272","","","","","","","","","","","","","2.5318318702697753","2.5318318702697753","2.5318318702697753","","",""
"273","","","","","","","","","","","","","2.5324461502075195","2.5324461502075195","2.5324461502075195","","",""
"274","","","","","","","","","","","","","2.5265348136901857","2.5265348136901857","2.5265348136901857","","",""
"275","","","","","","","","","","","","","2.5360491989135743","2.5360491989135743","2.5360491989135743","","",""
"276","","","","","","","","","","","","","2.5361622436523437","2.5361622436523437","2.5361622436523437","","",""
"277","","","","","","","","","","","","","2.533374991607666","2.533374991607666","2.533374991607666","","",""
"278","","","","","","","","","","","","","2.5265588916778565","2.5265588916778565","2.5265588916778565","","",""
"279","","","","","","","","","","","","","2.525101209259033","2.525101209259033","2.525101209259033","","",""
"280","","","","","","","","","","","","","2.523603911590576","2.523603911590576","2.523603911590576","","",""
"281","","","","","","","","","","","","","2.527516932296753","2.527516932296753","2.527516932296753","","",""
"282","","","","","","","","","","","","","2.524489193725586","2.524489193725586","2.524489193725586","","",""
"283","","","","","","","","","","","","","2.5270369148254392","2.5270369148254392","2.5270369148254392","","",""
"284","","","","","","","","","","","","","2.5279085762023925","2.5279085762023925","2.5279085762023925","","",""
"285","","","","","","","","","","","","","2.525821113204956","2.525821113204956","2.525821113204956","","",""
"286","","","","","","","","","","","","","2.5253411575317384","2.5253411575317384","2.5253411575317384","","",""
"287","","","","","","","","","","","","","2.5218935928344726","2.5218935928344726","2.5218935928344726","","",""
"288","","","","","","","","","","","","","2.5258069744110108","2.5258069744110108","2.5258069744110108","","",""
"289","","","","","","","","","","","","","2.519845154953003","2.519845154953003","2.519845154953003","","",""
"290","","","","","","","","","","","","","2.522141628265381","2.522141628265381","2.522141628265381","","",""
"291","","","","","","","","","","","","","2.525062579727173","2.525062579727173","2.525062579727173","","",""
"292","","","","","","","","","","","","","2.517200247192383","2.517200247192383","2.517200247192383","","",""
"293","","","","","","","","","","","","","2.521740148162842","2.521740148162842","2.521740148162842","","",""
"294","","","","","","","","","","","","","2.5161539623260496","2.5161539623260496","2.5161539623260496","","",""
"295","","","","","","","","","","","","","2.52003438873291","2.52003438873291","2.52003438873291","","",""
"296","","","","","","","","","","","","","2.521808905029297","2.521808905029297","2.521808905029297","","",""
"297","","","","","","","","","","","","","2.51693274307251","2.51693274307251","2.51693274307251","","",""
"298","","","","","","","","","","","","","2.518514228439331","2.518514228439331","2.518514228439331","","",""
"299","","","","","","","","","","","","","2.51615859375","2.51615859375","2.51615859375","","",""