"Step","ViT-Tiny_cifar10_lion_256 - memory/train_peak_gpu_memory_mb","ViT-Tiny_cifar10_lion_256 - memory/train_peak_gpu_memory_mb__MIN","ViT-Tiny_cifar10_lion_256 - memory/train_peak_gpu_memory_mb__MAX","ViT-Tiny_cifar10_adafactor_256 - memory/train_peak_gpu_memory_mb","ViT-Tiny_cifar10_adafactor_256 - memory/train_peak_gpu_memory_mb__MIN","ViT-Tiny_cifar10_adafactor_256 - memory/train_peak_gpu_memory_mb__MAX","ViT-Tiny_cifar10_adamw_256 - memory/train_peak_gpu_memory_mb","ViT-Tiny_cifar10_adamw_256 - memory/train_peak_gpu_memory_mb__MIN","ViT-Tiny_cifar10_adamw_256 - memory/train_peak_gpu_memory_mb__MAX","ViT-Tiny_cifar10_adam-mini_256 - memory/train_peak_gpu_memory_mb","ViT-Tiny_cifar10_adam-mini_256 - memory/train_peak_gpu_memory_mb__MIN","ViT-Tiny_cifar10_adam-mini_256 - memory/train_peak_gpu_memory_mb__MAX","ViT-Tiny_cifar10_sgd_256 - memory/train_peak_gpu_memory_mb","ViT-Tiny_cifar10_sgd_256 - memory/train_peak_gpu_memory_mb__MIN","ViT-Tiny_cifar10_sgd_256 - memory/train_peak_gpu_memory_mb__MAX","ViT-Tiny_cifar10_adam_256 - memory/train_peak_gpu_memory_mb","ViT-Tiny_cifar10_adam_256 - memory/train_peak_gpu_memory_mb__MIN","ViT-Tiny_cifar10_adam_256 - memory/train_peak_gpu_memory_mb__MAX"
"0","2552.49072265625","2552.49072265625","2552.49072265625","2552.88330078125","2552.88330078125","2552.88330078125","2572.97021484375","2572.97021484375","2572.97021484375","2552.76513671875","2552.76513671875","2552.76513671875","2552.49072265625","2552.49072265625","2552.49072265625","2572.97021484375","2572.97021484375","2572.97021484375"
"1","2572.97021484375","2572.97021484375","2572.97021484375","2573.36279296875","2573.36279296875","2573.36279296875","2593.44970703125","2593.44970703125","2593.44970703125","2573.24462890625","2573.24462890625","2573.24462890625","2572.97021484375","2572.97021484375","2572.97021484375","2593.44970703125","2593.44970703125","2593.44970703125"
"2","2572.97021484375","2572.97021484375","2572.97021484375","2573.36279296875","2573.36279296875","2573.36279296875","2593.44970703125","2593.44970703125","2593.44970703125","2573.24462890625","2573.24462890625","2573.24462890625","2572.97021484375","2572.97021484375","2572.97021484375","2593.44970703125","2593.44970703125","2593.44970703125"
"3","2572.97021484375","2572.97021484375","2572.97021484375","2573.36279296875","2573.36279296875","2573.36279296875","2593.44970703125","2593.44970703125","2593.44970703125","2573.24462890625","2573.24462890625","2573.24462890625","2572.97021484375","2572.97021484375","2572.97021484375","2593.44970703125","2593.44970703125","2593.44970703125"
"4","2572.97021484375","2572.97021484375","2572.97021484375","2573.36279296875","2573.36279296875","2573.36279296875","2593.44970703125","2593.44970703125","2593.44970703125","2573.24462890625","2573.24462890625","2573.24462890625","2572.97021484375","2572.97021484375","2572.97021484375","2593.44970703125","2593.44970703125","2593.44970703125"
"5","2572.97021484375","2572.97021484375","2572.97021484375","2573.36279296875","2573.36279296875","2573.36279296875","2593.44970703125","2593.44970703125","2593.44970703125","2573.24462890625","2573.24462890625","2573.24462890625","2572.97021484375","2572.97021484375","2572.97021484375","2593.44970703125","2593.44970703125","2593.44970703125"
"6","2572.97021484375","2572.97021484375","2572.97021484375","2573.36279296875","2573.36279296875","2573.36279296875","2593.44970703125","2593.44970703125","2593.44970703125","2573.24462890625","2573.24462890625","2573.24462890625","2572.97021484375","2572.97021484375","2572.97021484375","2593.44970703125","2593.44970703125","2593.44970703125"
"7","2572.97021484375","2572.97021484375","2572.97021484375","2573.36279296875","2573.36279296875","2573.36279296875","2593.44970703125","2593.44970703125","2593.44970703125","2573.24462890625","2573.24462890625","2573.24462890625","2572.97021484375","2572.97021484375","2572.97021484375","2593.44970703125","2593.44970703125","2593.44970703125"
"8","2572.97021484375","2572.97021484375","2572.97021484375","2573.36279296875","2573.36279296875","2573.36279296875","2593.44970703125","2593.44970703125","2593.44970703125","2573.24462890625","2573.24462890625","2573.24462890625","2572.97021484375","2572.97021484375","2572.97021484375","2593.44970703125","2593.44970703125","2593.44970703125"
"9","2572.97021484375","2572.97021484375","2572.97021484375","2573.36279296875","2573.36279296875","2573.36279296875","2593.44970703125","2593.44970703125","2593.44970703125","2573.24462890625","2573.24462890625","2573.24462890625","2572.97021484375","2572.97021484375","2572.97021484375","2593.44970703125","2593.44970703125","2593.44970703125"
"10","2572.97021484375","2572.97021484375","2572.97021484375","2573.36279296875","2573.36279296875","2573.36279296875","2593.44970703125","2593.44970703125","2593.44970703125","2573.24462890625","2573.24462890625","2573.24462890625","2572.97021484375","2572.97021484375","2572.97021484375","2593.44970703125","2593.44970703125","2593.44970703125"
"11","2572.97021484375","2572.97021484375","2572.97021484375","2573.36279296875","2573.36279296875","2573.36279296875","2593.44970703125","2593.44970703125","2593.44970703125","2573.24462890625","2573.24462890625","2573.24462890625","2572.97021484375","2572.97021484375","2572.97021484375","2593.44970703125","2593.44970703125","2593.44970703125"
"12","2572.97021484375","2572.97021484375","2572.97021484375","2573.36279296875","2573.36279296875","2573.36279296875","2593.44970703125","2593.44970703125","2593.44970703125","2573.24462890625","2573.24462890625","2573.24462890625","2572.97021484375","2572.97021484375","2572.97021484375","2593.44970703125","2593.44970703125","2593.44970703125"
"13","2572.97021484375","2572.97021484375","2572.97021484375","2573.36279296875","2573.36279296875","2573.36279296875","2593.44970703125","2593.44970703125","2593.44970703125","2573.24462890625","2573.24462890625","2573.24462890625","2572.97021484375","2572.97021484375","2572.97021484375","2593.44970703125","2593.44970703125","2593.44970703125"
"14","2572.97021484375","2572.97021484375","2572.97021484375","2573.36279296875","2573.36279296875","2573.36279296875","2593.44970703125","2593.44970703125","2593.44970703125","2573.24462890625","2573.24462890625","2573.24462890625","2572.97021484375","2572.97021484375","2572.97021484375","2593.44970703125","2593.44970703125","2593.44970703125"
"15","2572.97021484375","2572.97021484375","2572.97021484375","2573.36279296875","2573.36279296875","2573.36279296875","2593.44970703125","2593.44970703125","2593.44970703125","2573.24462890625","2573.24462890625","2573.24462890625","2572.97021484375","2572.97021484375","2572.97021484375","2593.44970703125","2593.44970703125","2593.44970703125"
"16","2572.97021484375","2572.97021484375","2572.97021484375","2573.36279296875","2573.36279296875","2573.36279296875","2593.44970703125","2593.44970703125","2593.44970703125","2573.24462890625","2573.24462890625","2573.24462890625","2572.97021484375","2572.97021484375","2572.97021484375","2593.44970703125","2593.44970703125","2593.44970703125"
"17","2572.97021484375","2572.97021484375","2572.97021484375","2573.36279296875","2573.36279296875","2573.36279296875","2593.44970703125","2593.44970703125","2593.44970703125","2573.24462890625","2573.24462890625","2573.24462890625","2572.97021484375","2572.97021484375","2572.97021484375","2593.44970703125","2593.44970703125","2593.44970703125"
"18","2572.97021484375","2572.97021484375","2572.97021484375","2573.36279296875","2573.36279296875","2573.36279296875","2593.44970703125","2593.44970703125","2593.44970703125","2573.24462890625","2573.24462890625","2573.24462890625","2572.97021484375","2572.97021484375","2572.97021484375","2593.44970703125","2593.44970703125","2593.44970703125"
"19","2572.97021484375","2572.97021484375","2572.97021484375","2573.36279296875","2573.36279296875","2573.36279296875","2593.44970703125","2593.44970703125","2593.44970703125","2573.24462890625","2573.24462890625","2573.24462890625","2572.97021484375","2572.97021484375","2572.97021484375","2593.44970703125","2593.44970703125","2593.44970703125"
"20","2572.97021484375","2572.97021484375","2572.97021484375","2573.36279296875","2573.36279296875","2573.36279296875","2593.44970703125","2593.44970703125","2593.44970703125","2573.24462890625","2573.24462890625","2573.24462890625","2572.97021484375","2572.97021484375","2572.97021484375","2593.44970703125","2593.44970703125","2593.44970703125"
"21","2572.97021484375","2572.97021484375","2572.97021484375","2573.36279296875","2573.36279296875","2573.36279296875","2593.44970703125","2593.44970703125","2593.44970703125","2573.24462890625","2573.24462890625","2573.24462890625","2572.97021484375","2572.97021484375","2572.97021484375","2593.44970703125","2593.44970703125","2593.44970703125"
"22","2572.97021484375","2572.97021484375","2572.97021484375","2573.36279296875","2573.36279296875","2573.36279296875","2593.44970703125","2593.44970703125","2593.44970703125","2573.24462890625","2573.24462890625","2573.24462890625","2572.97021484375","2572.97021484375","2572.97021484375","2593.44970703125","2593.44970703125","2593.44970703125"
"23","2572.97021484375","2572.97021484375","2572.97021484375","2573.36279296875","2573.36279296875","2573.36279296875","2593.44970703125","2593.44970703125","2593.44970703125","2573.24462890625","2573.24462890625","2573.24462890625","2572.97021484375","2572.97021484375","2572.97021484375","2593.44970703125","2593.44970703125","2593.44970703125"
"24","2572.97021484375","2572.97021484375","2572.97021484375","2573.36279296875","2573.36279296875","2573.36279296875","2593.44970703125","2593.44970703125","2593.44970703125","2573.24462890625","2573.24462890625","2573.24462890625","2572.97021484375","2572.97021484375","2572.97021484375","2593.44970703125","2593.44970703125","2593.44970703125"
"25","2572.97021484375","2572.97021484375","2572.97021484375","2573.36279296875","2573.36279296875","2573.36279296875","2593.44970703125","2593.44970703125","2593.44970703125","2573.24462890625","2573.24462890625","2573.24462890625","2572.97021484375","2572.97021484375","2572.97021484375","2593.44970703125","2593.44970703125","2593.44970703125"
"26","2572.97021484375","2572.97021484375","2572.97021484375","2573.36279296875","2573.36279296875","2573.36279296875","2593.44970703125","2593.44970703125","2593.44970703125","2573.24462890625","2573.24462890625","2573.24462890625","2572.97021484375","2572.97021484375","2572.97021484375","2593.44970703125","2593.44970703125","2593.44970703125"
"27","2572.97021484375","2572.97021484375","2572.97021484375","2573.36279296875","2573.36279296875","2573.36279296875","2593.44970703125","2593.44970703125","2593.44970703125","2573.24462890625","2573.24462890625","2573.24462890625","2572.97021484375","2572.97021484375","2572.97021484375","2593.44970703125","2593.44970703125","2593.44970703125"
"28","2572.97021484375","2572.97021484375","2572.97021484375","2573.36279296875","2573.36279296875","2573.36279296875","2593.44970703125","2593.44970703125","2593.44970703125","2573.24462890625","2573.24462890625","2573.24462890625","2572.97021484375","2572.97021484375","2572.97021484375","2593.44970703125","2593.44970703125","2593.44970703125"
"29","2572.97021484375","2572.97021484375","2572.97021484375","2573.36279296875","2573.36279296875","2573.36279296875","2593.44970703125","2593.44970703125","2593.44970703125","2573.24462890625","2573.24462890625","2573.24462890625","2572.97021484375","2572.97021484375","2572.97021484375","2593.44970703125","2593.44970703125","2593.44970703125"
"30","2572.97021484375","2572.97021484375","2572.97021484375","2573.36279296875","2573.36279296875","2573.36279296875","2593.44970703125","2593.44970703125","2593.44970703125","2573.24462890625","2573.24462890625","2573.24462890625","2572.97021484375","2572.97021484375","2572.97021484375","2593.44970703125","2593.44970703125","2593.44970703125"
"31","2572.97021484375","2572.97021484375","2572.97021484375","2573.36279296875","2573.36279296875","2573.36279296875","2593.44970703125","2593.44970703125","2593.44970703125","2573.24462890625","2573.24462890625","2573.24462890625","2572.97021484375","2572.97021484375","2572.97021484375","2593.44970703125","2593.44970703125","2593.44970703125"
"32","2572.97021484375","2572.97021484375","2572.97021484375","2573.36279296875","2573.36279296875","2573.36279296875","2593.44970703125","2593.44970703125","2593.44970703125","2573.24462890625","2573.24462890625","2573.24462890625","2572.97021484375","2572.97021484375","2572.97021484375","2593.44970703125","2593.44970703125","2593.44970703125"
"33","2572.97021484375","2572.97021484375","2572.97021484375","2573.36279296875","2573.36279296875","2573.36279296875","2593.44970703125","2593.44970703125","2593.44970703125","2573.24462890625","2573.24462890625","2573.24462890625","2572.97021484375","2572.97021484375","2572.97021484375","2593.44970703125","2593.44970703125","2593.44970703125"
"34","2572.97021484375","2572.97021484375","2572.97021484375","2573.36279296875","2573.36279296875","2573.36279296875","2593.44970703125","2593.44970703125","2593.44970703125","2573.24462890625","2573.24462890625","2573.24462890625","2572.97021484375","2572.97021484375","2572.97021484375","2593.44970703125","2593.44970703125","2593.44970703125"
"35","2572.97021484375","2572.97021484375","2572.97021484375","2573.36279296875","2573.36279296875","2573.36279296875","2593.44970703125","2593.44970703125","2593.44970703125","2573.24462890625","2573.24462890625","2573.24462890625","2572.97021484375","2572.97021484375","2572.97021484375","2593.44970703125","2593.44970703125","2593.44970703125"
"36","2572.97021484375","2572.97021484375","2572.97021484375","2573.36279296875","2573.36279296875","2573.36279296875","2593.44970703125","2593.44970703125","2593.44970703125","2573.24462890625","2573.24462890625","2573.24462890625","2572.97021484375","2572.97021484375","2572.97021484375","2593.44970703125","2593.44970703125","2593.44970703125"
"37","2572.97021484375","2572.97021484375","2572.97021484375","2573.36279296875","2573.36279296875","2573.36279296875","2593.44970703125","2593.44970703125","2593.44970703125","2573.24462890625","2573.24462890625","2573.24462890625","2572.97021484375","2572.97021484375","2572.97021484375","2593.44970703125","2593.44970703125","2593.44970703125"
"38","2572.97021484375","2572.97021484375","2572.97021484375","2573.36279296875","2573.36279296875","2573.36279296875","2593.44970703125","2593.44970703125","2593.44970703125","2573.24462890625","2573.24462890625","2573.24462890625","2572.97021484375","2572.97021484375","2572.97021484375","2593.44970703125","2593.44970703125","2593.44970703125"
"39","2572.97021484375","2572.97021484375","2572.97021484375","2573.36279296875","2573.36279296875","2573.36279296875","2593.44970703125","2593.44970703125","2593.44970703125","2573.24462890625","2573.24462890625","2573.24462890625","2572.97021484375","2572.97021484375","2572.97021484375","2593.44970703125","2593.44970703125","2593.44970703125"
"40","2572.97021484375","2572.97021484375","2572.97021484375","2573.36279296875","2573.36279296875","2573.36279296875","2593.44970703125","2593.44970703125","2593.44970703125","2573.24462890625","2573.24462890625","2573.24462890625","2572.97021484375","2572.97021484375","2572.97021484375","2593.44970703125","2593.44970703125","2593.44970703125"
"41","2572.97021484375","2572.97021484375","2572.97021484375","2573.36279296875","2573.36279296875","2573.36279296875","2593.44970703125","2593.44970703125","2593.44970703125","2573.24462890625","2573.24462890625","2573.24462890625","2572.97021484375","2572.97021484375","2572.97021484375","2593.44970703125","2593.44970703125","2593.44970703125"
"42","2572.97021484375","2572.97021484375","2572.97021484375","2573.36279296875","2573.36279296875","2573.36279296875","2593.44970703125","2593.44970703125","2593.44970703125","2573.24462890625","2573.24462890625","2573.24462890625","2572.97021484375","2572.97021484375","2572.97021484375","2593.44970703125","2593.44970703125","2593.44970703125"
"43","2572.97021484375","2572.97021484375","2572.97021484375","2573.36279296875","2573.36279296875","2573.36279296875","2593.44970703125","2593.44970703125","2593.44970703125","2573.24462890625","2573.24462890625","2573.24462890625","2572.97021484375","2572.97021484375","2572.97021484375","2593.44970703125","2593.44970703125","2593.44970703125"
"44","2572.97021484375","2572.97021484375","2572.97021484375","2573.36279296875","2573.36279296875","2573.36279296875","2593.44970703125","2593.44970703125","2593.44970703125","2573.24462890625","2573.24462890625","2573.24462890625","2572.97021484375","2572.97021484375","2572.97021484375","2593.44970703125","2593.44970703125","2593.44970703125"
"45","2572.97021484375","2572.97021484375","2572.97021484375","2573.36279296875","2573.36279296875","2573.36279296875","2593.44970703125","2593.44970703125","2593.44970703125","2573.24462890625","2573.24462890625","2573.24462890625","2572.97021484375","2572.97021484375","2572.97021484375","2593.44970703125","2593.44970703125","2593.44970703125"
"46","2572.97021484375","2572.97021484375","2572.97021484375","2573.36279296875","2573.36279296875","2573.36279296875","2593.44970703125","2593.44970703125","2593.44970703125","2573.24462890625","2573.24462890625","2573.24462890625","2572.97021484375","2572.97021484375","2572.97021484375","2593.44970703125","2593.44970703125","2593.44970703125"
"47","2572.97021484375","2572.97021484375","2572.97021484375","2573.36279296875","2573.36279296875","2573.36279296875","2593.44970703125","2593.44970703125","2593.44970703125","2573.24462890625","2573.24462890625","2573.24462890625","2572.97021484375","2572.97021484375","2572.97021484375","2593.44970703125","2593.44970703125","2593.44970703125"
"48","2572.97021484375","2572.97021484375","2572.97021484375","2573.36279296875","2573.36279296875","2573.36279296875","2593.44970703125","2593.44970703125","2593.44970703125","2573.24462890625","2573.24462890625","2573.24462890625","2572.97021484375","2572.97021484375","2572.97021484375","2593.44970703125","2593.44970703125","2593.44970703125"
"49","2572.97021484375","2572.97021484375","2572.97021484375","2573.36279296875","2573.36279296875","2573.36279296875","2593.44970703125","2593.44970703125","2593.44970703125","2573.24462890625","2573.24462890625","2573.24462890625","2572.97021484375","2572.97021484375","2572.97021484375","2593.44970703125","2593.44970703125","2593.44970703125"
"50","2572.97021484375","2572.97021484375","2572.97021484375","2573.36279296875","2573.36279296875","2573.36279296875","2593.44970703125","2593.44970703125","2593.44970703125","2573.24462890625","2573.24462890625","2573.24462890625","2572.97021484375","2572.97021484375","2572.97021484375","2593.44970703125","2593.44970703125","2593.44970703125"
"51","2572.97021484375","2572.97021484375","2572.97021484375","2573.36279296875","2573.36279296875","2573.36279296875","2593.44970703125","2593.44970703125","2593.44970703125","2573.24462890625","2573.24462890625","2573.24462890625","2572.97021484375","2572.97021484375","2572.97021484375","2593.44970703125","2593.44970703125","2593.44970703125"
"52","2572.97021484375","2572.97021484375","2572.97021484375","2573.36279296875","2573.36279296875","2573.36279296875","2593.44970703125","2593.44970703125","2593.44970703125","2573.24462890625","2573.24462890625","2573.24462890625","2572.97021484375","2572.97021484375","2572.97021484375","2593.44970703125","2593.44970703125","2593.44970703125"
"53","2572.97021484375","2572.97021484375","2572.97021484375","2573.36279296875","2573.36279296875","2573.36279296875","2593.44970703125","2593.44970703125","2593.44970703125","2573.24462890625","2573.24462890625","2573.24462890625","2572.97021484375","2572.97021484375","2572.97021484375","2593.44970703125","2593.44970703125","2593.44970703125"
"54","2572.97021484375","2572.97021484375","2572.97021484375","2573.36279296875","2573.36279296875","2573.36279296875","2593.44970703125","2593.44970703125","2593.44970703125","2573.24462890625","2573.24462890625","2573.24462890625","2572.97021484375","2572.97021484375","2572.97021484375","2593.44970703125","2593.44970703125","2593.44970703125"
"55","2572.97021484375","2572.97021484375","2572.97021484375","2573.36279296875","2573.36279296875","2573.36279296875","2593.44970703125","2593.44970703125","2593.44970703125","2573.24462890625","2573.24462890625","2573.24462890625","2572.97021484375","2572.97021484375","2572.97021484375","2593.44970703125","2593.44970703125","2593.44970703125"
"56","2572.97021484375","2572.97021484375","2572.97021484375","2573.36279296875","2573.36279296875","2573.36279296875","2593.44970703125","2593.44970703125","2593.44970703125","2573.24462890625","2573.24462890625","2573.24462890625","2572.97021484375","2572.97021484375","2572.97021484375","2593.44970703125","2593.44970703125","2593.44970703125"
"57","2572.97021484375","2572.97021484375","2572.97021484375","2573.36279296875","2573.36279296875","2573.36279296875","2593.44970703125","2593.44970703125","2593.44970703125","2573.24462890625","2573.24462890625","2573.24462890625","2572.97021484375","2572.97021484375","2572.97021484375","2593.44970703125","2593.44970703125","2593.44970703125"
"58","2572.97021484375","2572.97021484375","2572.97021484375","2573.36279296875","2573.36279296875","2573.36279296875","2593.44970703125","2593.44970703125","2593.44970703125","2573.24462890625","2573.24462890625","2573.24462890625","2572.97021484375","2572.97021484375","2572.97021484375","2593.44970703125","2593.44970703125","2593.44970703125"
"59","2572.97021484375","2572.97021484375","2572.97021484375","2573.36279296875","2573.36279296875","2573.36279296875","2593.44970703125","2593.44970703125","2593.44970703125","2573.24462890625","2573.24462890625","2573.24462890625","2572.97021484375","2572.97021484375","2572.97021484375","2593.44970703125","2593.44970703125","2593.44970703125"
"60","2572.97021484375","2572.97021484375","2572.97021484375","2573.36279296875","2573.36279296875","2573.36279296875","2593.44970703125","2593.44970703125","2593.44970703125","2573.24462890625","2573.24462890625","2573.24462890625","2572.97021484375","2572.97021484375","2572.97021484375","2593.44970703125","2593.44970703125","2593.44970703125"
"61","2572.97021484375","2572.97021484375","2572.97021484375","2573.36279296875","2573.36279296875","2573.36279296875","2593.44970703125","2593.44970703125","2593.44970703125","2573.24462890625","2573.24462890625","2573.24462890625","2572.97021484375","2572.97021484375","2572.97021484375","2593.44970703125","2593.44970703125","2593.44970703125"
"62","2572.97021484375","2572.97021484375","2572.97021484375","2573.36279296875","2573.36279296875","2573.36279296875","2593.44970703125","2593.44970703125","2593.44970703125","2573.24462890625","2573.24462890625","2573.24462890625","2572.97021484375","2572.97021484375","2572.97021484375","2593.44970703125","2593.44970703125","2593.44970703125"
"63","","","","2573.36279296875","2573.36279296875","2573.36279296875","2593.44970703125","2593.44970703125","2593.44970703125","2573.24462890625","2573.24462890625","2573.24462890625","2572.97021484375","2572.97021484375","2572.97021484375","2593.44970703125","2593.44970703125","2593.44970703125"
"64","","","","2573.36279296875","2573.36279296875","2573.36279296875","2593.44970703125","2593.44970703125","2593.44970703125","2573.24462890625","2573.24462890625","2573.24462890625","2572.97021484375","2572.97021484375","2572.97021484375","2593.44970703125","2593.44970703125","2593.44970703125"
"65","","","","2573.36279296875","2573.36279296875","2573.36279296875","2593.44970703125","2593.44970703125","2593.44970703125","2573.24462890625","2573.24462890625","2573.24462890625","2572.97021484375","2572.97021484375","2572.97021484375","2593.44970703125","2593.44970703125","2593.44970703125"
"66","","","","2573.36279296875","2573.36279296875","2573.36279296875","2593.44970703125","2593.44970703125","2593.44970703125","2573.24462890625","2573.24462890625","2573.24462890625","2572.97021484375","2572.97021484375","2572.97021484375","2593.44970703125","2593.44970703125","2593.44970703125"
"67","","","","","","","2593.44970703125","2593.44970703125","2593.44970703125","2573.24462890625","2573.24462890625","2573.24462890625","2572.97021484375","2572.97021484375","2572.97021484375","2593.44970703125","2593.44970703125","2593.44970703125"
"68","","","","","","","2593.44970703125","2593.44970703125","2593.44970703125","2573.24462890625","2573.24462890625","2573.24462890625","2572.97021484375","2572.97021484375","2572.97021484375","2593.44970703125","2593.44970703125","2593.44970703125"
"69","","","","","","","2593.44970703125","2593.44970703125","2593.44970703125","2573.24462890625","2573.24462890625","2573.24462890625","2572.97021484375","2572.97021484375","2572.97021484375","2593.44970703125","2593.44970703125","2593.44970703125"
"70","","","","","","","2593.44970703125","2593.44970703125","2593.44970703125","2573.24462890625","2573.24462890625","2573.24462890625","2572.97021484375","2572.97021484375","2572.97021484375","2593.44970703125","2593.44970703125","2593.44970703125"
"71","","","","","","","2593.44970703125","2593.44970703125","2593.44970703125","2573.24462890625","2573.24462890625","2573.24462890625","2572.97021484375","2572.97021484375","2572.97021484375","2593.44970703125","2593.44970703125","2593.44970703125"
"72","","","","","","","2593.44970703125","2593.44970703125","2593.44970703125","2573.24462890625","2573.24462890625","2573.24462890625","2572.97021484375","2572.97021484375","2572.97021484375","","",""
"73","","","","","","","2593.44970703125","2593.44970703125","2593.44970703125","2573.24462890625","2573.24462890625","2573.24462890625","2572.97021484375","2572.97021484375","2572.97021484375","","",""
"74","","","","","","","2593.44970703125","2593.44970703125","2593.44970703125","2573.24462890625","2573.24462890625","2573.24462890625","2572.97021484375","2572.97021484375","2572.97021484375","","",""
"75","","","","","","","","","","2573.24462890625","2573.24462890625","2573.24462890625","2572.97021484375","2572.97021484375","2572.97021484375","","",""
"76","","","","","","","","","","","","","2572.97021484375","2572.97021484375","2572.97021484375","","",""
"77","","","","","","","","","","","","","2572.97021484375","2572.97021484375","2572.97021484375","","",""
"78","","","","","","","","","","","","","2572.97021484375","2572.97021484375","2572.97021484375","","",""
"79","","","","","","","","","","","","","2572.97021484375","2572.97021484375","2572.97021484375","","",""
"80","","","","","","","","","","","","","2572.97021484375","2572.97021484375","2572.97021484375","","",""
"81","","","","","","","","","","","","","2572.97021484375","2572.97021484375","2572.97021484375","","",""
"82","","","","","","","","","","","","","2572.97021484375","2572.97021484375","2572.97021484375","","",""
"83","","","","","","","","","","","","","2572.97021484375","2572.97021484375","2572.97021484375","","",""
"84","","","","","","","","","","","","","2572.97021484375","2572.97021484375","2572.97021484375","","",""
"85","","","","","","","","","","","","","2572.97021484375","2572.97021484375","2572.97021484375","","",""
"86","","","","","","","","","","","","","2572.97021484375","2572.97021484375","2572.97021484375","","",""
"87","","","","","","","","","","","","","2572.97021484375","2572.97021484375","2572.97021484375","","",""
"88","","","","","","","","","","","","","2572.97021484375","2572.97021484375","2572.97021484375","","",""
"89","","","","","","","","","","","","","2572.97021484375","2572.97021484375","2572.97021484375","","",""
"90","","","","","","","","","","","","","2572.97021484375","2572.97021484375","2572.97021484375","","",""
"91","","","","","","","","","","","","","2572.97021484375","2572.97021484375","2572.97021484375","","",""
"92","","","","","","","","","","","","","2572.97021484375","2572.97021484375","2572.97021484375","","",""
"93","","","","","","","","","","","","","2572.97021484375","2572.97021484375","2572.97021484375","","",""
"94","","","","","","","","","","","","","2572.97021484375","2572.97021484375","2572.97021484375","","",""
"95","","","","","","","","","","","","","2572.97021484375","2572.97021484375","2572.97021484375","","",""
"96","","","","","","","","","","","","","2572.97021484375","2572.97021484375","2572.97021484375","","",""
"97","","","","","","","","","","","","","2572.97021484375","2572.97021484375","2572.97021484375","","",""
"98","","","","","","","","","","","","","2572.97021484375","2572.97021484375","2572.97021484375","","",""
"99","","","","","","","","","","","","","2572.97021484375","2572.97021484375","2572.97021484375","","",""
"100","","","","","","","","","","","","","2572.97021484375","2572.97021484375","2572.97021484375","","",""
"101","","","","","","","","","","","","","2572.97021484375","2572.97021484375","2572.97021484375","","",""
"102","","","","","","","","","","","","","2572.97021484375","2572.97021484375","2572.97021484375","","",""
"103","","","","","","","","","","","","","2572.97021484375","2572.97021484375","2572.97021484375","","",""
"104","","","","","","","","","","","","","2572.97021484375","2572.97021484375","2572.97021484375","","",""
"105","","","","","","","","","","","","","2572.97021484375","2572.97021484375","2572.97021484375","","",""
"106","","","","","","","","","","","","","2572.97021484375","2572.97021484375","2572.97021484375","","",""
"107","","","","","","","","","","","","","2572.97021484375","2572.97021484375","2572.97021484375","","",""
"108","","","","","","","","","","","","","2572.97021484375","2572.97021484375","2572.97021484375","","",""
"109","","","","","","","","","","","","","2572.97021484375","2572.97021484375","2572.97021484375","","",""
"110","","","","","","","","","","","","","2572.97021484375","2572.97021484375","2572.97021484375","","",""
"111","","","","","","","","","","","","","2572.97021484375","2572.97021484375","2572.97021484375","","",""
"112","","","","","","","","","","","","","2572.97021484375","2572.97021484375","2572.97021484375","","",""
"113","","","","","","","","","","","","","2572.97021484375","2572.97021484375","2572.97021484375","","",""
"114","","","","","","","","","","","","","2572.97021484375","2572.97021484375","2572.97021484375","","",""
"115","","","","","","","","","","","","","2572.97021484375","2572.97021484375","2572.97021484375","","",""
"116","","","","","","","","","","","","","2572.97021484375","2572.97021484375","2572.97021484375","","",""
"117","","","","","","","","","","","","","2572.97021484375","2572.97021484375","2572.97021484375","","",""
"118","","","","","","","","","","","","","2572.97021484375","2572.97021484375","2572.97021484375","","",""
"119","","","","","","","","","","","","","2572.97021484375","2572.97021484375","2572.97021484375","","",""
"120","","","","","","","","","","","","","2572.97021484375","2572.97021484375","2572.97021484375","","",""
"121","","","","","","","","","","","","","2572.97021484375","2572.97021484375","2572.97021484375","","",""
"122","","","","","","","","","","","","","2572.97021484375","2572.97021484375","2572.97021484375","","",""
"123","","","","","","","","","","","","","2572.97021484375","2572.97021484375","2572.97021484375","","",""
"124","","","","","","","","","","","","","2572.97021484375","2572.97021484375","2572.97021484375","","",""
"125","","","","","","","","","","","","","2572.97021484375","2572.97021484375","2572.97021484375","","",""
"126","","","","","","","","","","","","","2572.97021484375","2572.97021484375","2572.97021484375","","",""
"127","","","","","","","","","","","","","2572.97021484375","2572.97021484375","2572.97021484375","","",""
"128","","","","","","","","","","","","","2572.97021484375","2572.97021484375","2572.97021484375","","",""
"129","","","","","","","","","","","","","2572.97021484375","2572.97021484375","2572.97021484375","","",""
"130","","","","","","","","","","","","","2572.97021484375","2572.97021484375","2572.97021484375","","",""
"131","","","","","","","","","","","","","2572.97021484375","2572.97021484375","2572.97021484375","","",""
"132","","","","","","","","","","","","","2572.97021484375","2572.97021484375","2572.97021484375","","",""
"133","","","","","","","","","","","","","2572.97021484375","2572.97021484375","2572.97021484375","","",""
"134","","","","","","","","","","","","","2572.97021484375","2572.97021484375","2572.97021484375","","",""
"135","","","","","","","","","","","","","2572.97021484375","2572.97021484375","2572.97021484375","","",""
"136","","","","","","","","","","","","","2572.97021484375","2572.97021484375","2572.97021484375","","",""
"137","","","","","","","","","","","","","2572.97021484375","2572.97021484375","2572.97021484375","","",""
"138","","","","","","","","","","","","","2572.97021484375","2572.97021484375","2572.97021484375","","",""
"139","","","","","","","","","","","","","2572.97021484375","2572.97021484375","2572.97021484375","","",""
"140","","","","","","","","","","","","","2572.97021484375","2572.97021484375","2572.97021484375","","",""
"141","","","","","","","","","","","","","2572.97021484375","2572.97021484375","2572.97021484375","","",""
"142","","","","","","","","","","","","","2572.97021484375","2572.97021484375","2572.97021484375","","",""
"143","","","","","","","","","","","","","2572.97021484375","2572.97021484375","2572.97021484375","","",""
"144","","","","","","","","","","","","","2572.97021484375","2572.97021484375","2572.97021484375","","",""
"145","","","","","","","","","","","","","2572.97021484375","2572.97021484375","2572.97021484375","","",""
"146","","","","","","","","","","","","","2572.97021484375","2572.97021484375","2572.97021484375","","",""
"147","","","","","","","","","","","","","2572.97021484375","2572.97021484375","2572.97021484375","","",""
"148","","","","","","","","","","","","","2572.97021484375","2572.97021484375","2572.97021484375","","",""
"149","","","","","","","","","","","","","2572.97021484375","2572.97021484375","2572.97021484375","","",""
"150","","","","","","","","","","","","","2572.97021484375","2572.97021484375","2572.97021484375","","",""
"151","","","","","","","","","","","","","2572.97021484375","2572.97021484375","2572.97021484375","","",""
"152","","","","","","","","","","","","","2572.97021484375","2572.97021484375","2572.97021484375","","",""
"153","","","","","","","","","","","","","2572.97021484375","2572.97021484375","2572.97021484375","","",""
"154","","","","","","","","","","","","","2572.97021484375","2572.97021484375","2572.97021484375","","",""
"155","","","","","","","","","","","","","2572.97021484375","2572.97021484375","2572.97021484375","","",""
"156","","","","","","","","","","","","","2572.97021484375","2572.97021484375","2572.97021484375","","",""
"157","","","","","","","","","","","","","2572.97021484375","2572.97021484375","2572.97021484375","","",""
"158","","","","","","","","","","","","","2572.97021484375","2572.97021484375","2572.97021484375","","",""
"159","","","","","","","","","","","","","2572.97021484375","2572.97021484375","2572.97021484375","","",""
"160","","","","","","","","","","","","","2572.97021484375","2572.97021484375","2572.97021484375","","",""
"161","","","","","","","","","","","","","2572.97021484375","2572.97021484375","2572.97021484375","","",""
"162","","","","","","","","","","","","","2572.97021484375","2572.97021484375","2572.97021484375","","",""
"163","","","","","","","","","","","","","2572.97021484375","2572.97021484375","2572.97021484375","","",""
"164","","","","","","","","","","","","","2572.97021484375","2572.97021484375","2572.97021484375","","",""
"165","","","","","","","","","","","","","2572.97021484375","2572.97021484375","2572.97021484375","","",""
"166","","","","","","","","","","","","","2572.97021484375","2572.97021484375","2572.97021484375","","",""
"167","","","","","","","","","","","","","2572.97021484375","2572.97021484375","2572.97021484375","","",""
"168","","","","","","","","","","","","","2572.97021484375","2572.97021484375","2572.97021484375","","",""
"169","","","","","","","","","","","","","2572.97021484375","2572.97021484375","2572.97021484375","","",""
"170","","","","","","","","","","","","","2572.97021484375","2572.97021484375","2572.97021484375","","",""
"171","","","","","","","","","","","","","2572.97021484375","2572.97021484375","2572.97021484375","","",""
"172","","","","","","","","","","","","","2572.97021484375","2572.97021484375","2572.97021484375","","",""
"173","","","","","","","","","","","","","2572.97021484375","2572.97021484375","2572.97021484375","","",""
"174","","","","","","","","","","","","","2572.97021484375","2572.97021484375","2572.97021484375","","",""
"175","","","","","","","","","","","","","2572.97021484375","2572.97021484375","2572.97021484375","","",""
"176","","","","","","","","","","","","","2572.97021484375","2572.97021484375","2572.97021484375","","",""
"177","","","","","","","","","","","","","2572.97021484375","2572.97021484375","2572.97021484375","","",""
"178","","","","","","","","","","","","","2572.97021484375","2572.97021484375","2572.97021484375","","",""
"179","","","","","","","","","","","","","2572.97021484375","2572.97021484375","2572.97021484375","","",""
"180","","","","","","","","","","","","","2572.97021484375","2572.97021484375","2572.97021484375","","",""
"181","","","","","","","","","","","","","2572.97021484375","2572.97021484375","2572.97021484375","","",""
"182","","","","","","","","","","","","","2572.97021484375","2572.97021484375","2572.97021484375","","",""
"183","","","","","","","","","","","","","2572.97021484375","2572.97021484375","2572.97021484375","","",""
"184","","","","","","","","","","","","","2572.97021484375","2572.97021484375","2572.97021484375","","",""
"185","","","","","","","","","","","","","2572.97021484375","2572.97021484375","2572.97021484375","","",""
"186","","","","","","","","","","","","","2572.97021484375","2572.97021484375","2572.97021484375","","",""
"187","","","","","","","","","","","","","2572.97021484375","2572.97021484375","2572.97021484375","","",""
"188","","","","","","","","","","","","","2572.97021484375","2572.97021484375","2572.97021484375","","",""
"189","","","","","","","","","","","","","2572.97021484375","2572.97021484375","2572.97021484375","","",""
"190","","","","","","","","","","","","","2572.97021484375","2572.97021484375","2572.97021484375","","",""
"191","","","","","","","","","","","","","2572.97021484375","2572.97021484375","2572.97021484375","","",""
"192","","","","","","","","","","","","","2572.97021484375","2572.97021484375","2572.97021484375","","",""
"193","","","","","","","","","","","","","2572.97021484375","2572.97021484375","2572.97021484375","","",""
"194","","","","","","","","","","","","","2572.97021484375","2572.97021484375","2572.97021484375","","",""
"195","","","","","","","","","","","","","2572.97021484375","2572.97021484375","2572.97021484375","","",""
"196","","","","","","","","","","","","","2572.97021484375","2572.97021484375","2572.97021484375","","",""
"197","","","","","","","","","","","","","2572.97021484375","2572.97021484375","2572.97021484375","","",""
"198","","","","","","","","","","","","","2572.97021484375","2572.97021484375","2572.97021484375","","",""
"199","","","","","","","","","","","","","2572.97021484375","2572.97021484375","2572.97021484375","","",""
"200","","","","","","","","","","","","","2572.97021484375","2572.97021484375","2572.97021484375","","",""
"201","","","","","","","","","","","","","2572.97021484375","2572.97021484375","2572.97021484375","","",""
"202","","","","","","","","","","","","","2572.97021484375","2572.97021484375","2572.97021484375","","",""
"203","","","","","","","","","","","","","2572.97021484375","2572.97021484375","2572.97021484375","","",""
"204","","","","","","","","","","","","","2572.97021484375","2572.97021484375","2572.97021484375","","",""
"205","","","","","","","","","","","","","2572.97021484375","2572.97021484375","2572.97021484375","","",""
"206","","","","","","","","","","","","","2572.97021484375","2572.97021484375","2572.97021484375","","",""
"207","","","","","","","","","","","","","2572.97021484375","2572.97021484375","2572.97021484375","","",""
"208","","","","","","","","","","","","","2572.97021484375","2572.97021484375","2572.97021484375","","",""
"209","","","","","","","","","","","","","2572.97021484375","2572.97021484375","2572.97021484375","","",""
"210","","","","","","","","","","","","","2572.97021484375","2572.97021484375","2572.97021484375","","",""
"211","","","","","","","","","","","","","2572.97021484375","2572.97021484375","2572.97021484375","","",""
"212","","","","","","","","","","","","","2572.97021484375","2572.97021484375","2572.97021484375","","",""
"213","","","","","","","","","","","","","2572.97021484375","2572.97021484375","2572.97021484375","","",""
"214","","","","","","","","","","","","","2572.97021484375","2572.97021484375","2572.97021484375","","",""
"215","","","","","","","","","","","","","2572.97021484375","2572.97021484375","2572.97021484375","","",""
"216","","","","","","","","","","","","","2572.97021484375","2572.97021484375","2572.97021484375","","",""
"217","","","","","","","","","","","","","2572.97021484375","2572.97021484375","2572.97021484375","","",""
"218","","","","","","","","","","","","","2572.97021484375","2572.97021484375","2572.97021484375","","",""
"219","","","","","","","","","","","","","2572.97021484375","2572.97021484375","2572.97021484375","","",""
"220","","","","","","","","","","","","","2572.97021484375","2572.97021484375","2572.97021484375","","",""
"221","","","","","","","","","","","","","2572.97021484375","2572.97021484375","2572.97021484375","","",""
"222","","","","","","","","","","","","","2572.97021484375","2572.97021484375","2572.97021484375","","",""
"223","","","","","","","","","","","","","2572.97021484375","2572.97021484375","2572.97021484375","","",""
"224","","","","","","","","","","","","","2572.97021484375","2572.97021484375","2572.97021484375","","",""
"225","","","","","","","","","","","","","2572.97021484375","2572.97021484375","2572.97021484375","","",""
"226","","","","","","","","","","","","","2572.97021484375","2572.97021484375","2572.97021484375","","",""
"227","","","","","","","","","","","","","2572.97021484375","2572.97021484375","2572.97021484375","","",""
"228","","","","","","","","","","","","","2572.97021484375","2572.97021484375","2572.97021484375","","",""